<?xml version="1.0" encoding="UTF-8" standalone="yes"?>
<a:clrScheme xmlns:a="http://schemas.openxmlformats.org/drawingml/2006/main" name="13 Info light">
    <a:dk1>
        <a:srgbClr val="414042"/>
    </a:dk1>
    <a:lt1>
        <a:sysClr val="window" lastClr="FFFFFF"/>
    </a:lt1>
    <a:dk2>
        <a:srgbClr val="58595B"/>
    </a:dk2>
    <a:lt2>
        <a:srgbClr val="FFFFFF"/>
    </a:lt2>
    <a:accent1>
        <a:srgbClr val="5386E4"/>
    </a:accent1>
    <a:accent2>
        <a:srgbClr val="4C4B63"/>
    </a:accent2>
    <a:accent3>
        <a:srgbClr val="949396"/>
    </a:accent3>
    <a:accent4>
        <a:srgbClr val="90A8C3"/>
    </a:accent4>
    <a:accent5>
        <a:srgbClr val="ADA7C9"/>
    </a:accent5>
    <a:accent6>
        <a:srgbClr val="7C6C77"/>
    </a:accent6>
    <a:hlink>
        <a:srgbClr val="F33B48"/>
    </a:hlink>
    <a:folHlink>
        <a:srgbClr val="FFC000"/>
    </a:folHlink>
</a:clrScheme>