<?xml version="1.0" encoding="UTF-8" standalone="yes"?>
<a:clrScheme xmlns:a="http://schemas.openxmlformats.org/drawingml/2006/main" name="21 Info light">
    <a:dk1>
        <a:srgbClr val="414042"/>
    </a:dk1>
    <a:lt1>
        <a:sysClr val="window" lastClr="FFFFFF"/>
    </a:lt1>
    <a:dk2>
        <a:srgbClr val="58595B"/>
    </a:dk2>
    <a:lt2>
        <a:srgbClr val="FFFFFF"/>
    </a:lt2>
    <a:accent1>
        <a:srgbClr val="4C5454"/>
    </a:accent1>
    <a:accent2>
        <a:srgbClr val="FF715B"/>
    </a:accent2>
    <a:accent3>
        <a:srgbClr val="1EA896"/>
    </a:accent3>
    <a:accent4>
        <a:srgbClr val="523F38"/>
    </a:accent4>
    <a:accent5>
        <a:srgbClr val="1AC8ED"/>
    </a:accent5>
    <a:accent6>
        <a:srgbClr val="F0A202"/>
    </a:accent6>
    <a:hlink>
        <a:srgbClr val="F33B48"/>
    </a:hlink>
    <a:folHlink>
        <a:srgbClr val="FFC000"/>
    </a:folHlink>
</a:clrScheme>