<?xml version="1.0" encoding="UTF-8" standalone="yes"?>
<a:clrScheme xmlns:a="http://schemas.openxmlformats.org/drawingml/2006/main" name="41 Info dark">
    <a:dk1>
        <a:srgbClr val="FFFFFF"/>
    </a:dk1>
    <a:lt1>
        <a:sysClr val="window" lastClr="FFFFFF"/>
    </a:lt1>
    <a:dk2>
        <a:srgbClr val="FFFFFF"/>
    </a:dk2>
    <a:lt2>
        <a:srgbClr val="242E3D"/>
    </a:lt2>
    <a:accent1>
        <a:srgbClr val="24C7A5"/>
    </a:accent1>
    <a:accent2>
        <a:srgbClr val="9FD92E"/>
    </a:accent2>
    <a:accent3>
        <a:srgbClr val="FFA328"/>
    </a:accent3>
    <a:accent4>
        <a:srgbClr val="FF4638"/>
    </a:accent4>
    <a:accent5>
        <a:srgbClr val="7D98BF"/>
    </a:accent5>
    <a:accent6>
        <a:srgbClr val="009FD9"/>
    </a:accent6>
    <a:hlink>
        <a:srgbClr val="F33B48"/>
    </a:hlink>
    <a:folHlink>
        <a:srgbClr val="FFC000"/>
    </a:folHlink>
</a:clrScheme>